Sensor,linear_acceleration,linear_acceleration,linear_acceleration,rotation_vector,rotation_vector,rotation_vector
Axis,x,y,z,x,y,z
634814734508596,1.4487915,0.32387826,0.8761635,0.014335251,0.03177089,0.15268402
634814898021865,0.66240543,-0.46319246,0.8025217,-0.023535093,0.023841111,0.1485608
634815061581864,-0.1101706,0.47409666,-1.4795351,0.04096299,0.043200094,0.15240283
634815225100633,0.10000625,-0.13274479,-0.31868935,0.06334669,-0.0014985958,0.17762029
634815388641132,0.139272,-0.12226176,-0.3424158,0.056577563,0.01834988,0.15135524
634815552219978,1.0936527,-0.19097766,-3.4628682,0.027725872,-0.0128215775,0.104789905
634815715728054,3.0933683,-1.7375518,4.1019354,-0.06568215,0.018935516,0.071868256
634815879231092,1.2762536,-0.75563294,2.5578785,-0.04425455,-0.031868532,-0.0715271
634816042762245,-1.6185422,-3.7655587,5.589223,0.0049968706,-0.20380844,-0.30951354
634816206231514,-4.2273498,-5.4335976,3.1251383,0.12891349,-0.44622356,-0.47997218
634816369695590,-4.8293977,-6.961051,5.522522,0.20185028,-0.79847056,-0.4994659
634816533179859,2.165326,-3.976883,2.5945106,-0.22401135,0.9016302,0.2745802
634816696650589,5.650977,-2.5617096,0.10273743,-0.33214417,0.9144411,0.061478566
634816860162165,3.3439236,-1.6647899,-6.4492292,0.4715799,-0.84559363,0.23518163
634817023638857,6.8043613,-2.1356633,-5.78126,0.54551816,-0.6750877,0.35528925
634817187121895,-0.72784853,-3.4100804,-4.5729823,0.5923269,-0.43997678,0.2691617
634817350586048,-0.4640324,-4.23692,-4.9587173,0.44819003,-0.15281448,0.1687656
634817514051124,-0.20188987,-3.120438,-4.8536463,0.19696225,0.12049915,0.10369245
634817677511278,-0.875577,-1.9434205,0.4328432,0.009117232,0.1798937,0.0246157
634817841001969,0.4729702,-1.4306121,4.634288,-0.06719539,0.05372003,-0.05665282
634818004543507,1.2306445,0.22258604,6.825989,-0.072858706,-0.07856399,-0.13785352
634818167976006,0.37328243,-4.049219,4.2315474,-0.029441705,-0.25918517,-0.336962
634818331488967,0.31162214,-3.5171845,5.9169664,0.033874087,-0.44810987,-0.4779769
634818494997390,0.1387248,-4.397893,2.4016917,0.10846188,-0.73410547,-0.52201
634818658466235,2.9303205,-5.060132,5.72036,-0.14787398,0.87612396,0.4532483
634818821971389,2.4687576,-2.1887295,0.62955284,-0.21510613,0.8730377,0.21760473
634818985449080,1.6730978,-0.5812633,-1.9903545,-0.35954538,0.8835847,0.017263714
634819148923887,3.1063828,-2.0735116,-7.662565,-0.4825531,0.84324086,-0.21602759
634819312329810,0.9570527,-1.9783905,-5.3430614,0.5946105,-0.71704584,0.30131206
634819475875771,-1.5241704,-2.4050558,-3.994814,0.5928848,-0.49557042,0.28424633
634819639386924,1.7748804,-2.8220284,-1.8821629,0.4831541,-0.29430285,0.1897412
634819802869962,-3.3495111,-3.3508234,-3.113326,0.35189283,-0.11962856,0.048021927
634819966356846,-3.3766408,-4.0780544,0.944149,0.18473193,-0.12292667,-0.029161656
634820129843076,3.7577705,0.60694885,2.6997523,0.08997469,-0.35256854,0.035507914
634820293353537,6.499071,1.7099903,-0.46023726,0.14105193,-0.60714585,0.0027707713
634820456849344,3.1362553,2.0016112,2.1319647,0.13993979,-0.809493,-0.15865643
634820620313997,4.9288025,-1.1158271,2.3238013,0.06899792,-0.86888176,-0.32308555
634820783785035,4.5292397,-1.975627,2.3400514,0.065235786,-0.8808066,-0.4282449
634820947267111,3.2850635,-4.425612,6.3853784,-0.15463382,0.876055,0.44822162
634821110711264,2.8186936,-1.8354367,2.855128,-0.22547607,0.83780026,0.30279362
634821274166802,1.5774918,-1.3143467,-2.3554702,-0.32352787,0.82854635,0.1279839
634821437645340,2.5711184,-2.5641212,-6.5930095,-0.47302642,0.8138711,-0.07866881
634821601080878,2.5206497,-1.6124225,-4.8454866,0.60604644,-0.74496186,0.27775866
634821764586570,2.131486,-2.4024549,-4.699409,0.61686254,-0.5641205,0.3804009
634821928079684,-1.6793151,-3.5216224,-2.198929,0.54677004,-0.34348375,0.2712468
634822091543530,-3.7016065,-3.498416,-3.5662856,0.3907425,-0.12964828,0.1646709
634822254988606,-4.690413,-3.4418128,2.026147,0.3047555,-0.16329166,0.014029002
634822418505452,0.710907,-0.14940691,0.0289011,0.3269968,-0.5162314,0.038657766
634822582006951,5.013213,1.1781647,0.47961366,0.26462817,-0.6903928,0.021735204
634822745473758,5.4171896,0.84726214,1.2078485,0.16599473,-0.83909047,-0.13623548
634822908970796,4.95051,-0.9133606,1.9469359,0.07116065,-0.8840012,-0.31863043
634823072469988,4.4455485,-2.188335,3.5301096,0.041842602,-0.87528586,-0.43965423
634823235969795,3.657167,-3.412249,4.227563,-0.059206508,0.87367606,0.47985888
634823399466948,2.8696275,-2.561522,1.404427,-0.12882957,0.87322867,0.3701087
634823562941255,1.9577584,-2.5192003,-2.1748447,-0.26971278,0.86494595,0.19481307
634823726434101,3.9131498,-1.8790495,-6.3406296,-0.45756286,0.85962814,-0.047883064
634823889957485,0.028459072,-1.0875473,-6.220403,0.57698226,-0.7314354,0.32226884
634824053474099,-1.4249129,-2.5100064,-2.7138286,0.57024306,-0.5687208,0.3328798
634824217024368,-0.14375782,-2.054482,-3.489964,0.48025483,-0.34443915,0.29392713
634824380546560,-1.2033632,-3.236671,-1.9821935,0.32283583,-0.13544783,0.1864287
634824544046828,-4.797028,-4.1705093,-3.028957,0.20068195,-0.060474824,0.04421696
634824707540020,1.3277683,-0.83876276,0.5497885,0.035983328,-0.21051061,0.02063182
634824871095135,6.006194,0.36841625,4.1938367,0.020692248,-0.44881523,-0.027948229
634825034589711,1.5447206,-2.3343368,4.4966927,0.01064143,-0.5637174,-0.25912535
634825198129249,0.8192949,-4.0940514,5.4123225,0.022149384,-0.63224095,-0.47833917
634825361656517,1.2162008,-2.3858447,2.09205,0.08708829,-0.7136938,-0.5700491
634825525164440,1.0099723,-4.274809,4.166888,0.1722071,-0.800274,-0.54620826
634825688660670,0.27080822,-4.1602144,5.22753,-0.2571722,0.87956494,0.39944682
634825852202785,2.0962243,-2.3086984,-1.4055452,-0.33920524,0.9122488,0.16287501
634826015754284,1.7440729,-1.45238,-5.942684,-0.47622496,0.8620002,-0.055050205
634826179280860,-0.10185218,-1.647696,-5.367919,-0.59992474,0.7726535,-0.2073556
634826342810244,-2.874329,-2.557172,-7.621642,0.63321304,-0.6316995,0.31271777
634826506334282,-2.8977208,-2.7138157,-2.7120924,0.45406398,-0.35907707,0.33225662
634826669845436,-2.174431,-3.3842604,-3.7251549,0.24371909,-0.08377729,0.21470329
634826833370550,-2.561528,-3.4005384,-1.8926668,0.09923474,0.009930411,0.06111177
634826996849896,-0.20190525,-2.0818615,1.7438221,-0.021255821,-0.108056195,-0.0746977
634827323856625,3.2410002,-2.1620333,4.7849174,-0.016319554,-0.49130154,-0.40379694
634827487359279,3.020667,-3.8245835,4.4053497,0.020753106,-0.63540936,-0.56520784
634827650868432,1.3221872,-4.3939524,5.8334284,0.0700168,-0.7865695,-0.58364785
634827814388739,3.7910244,-5.6604214,1.621872,-0.08770701,0.8816294,0.40481958
634827977895546,2.0124063,-2.925839,-0.45180225,-0.21938445,0.86510986,0.19526008
634828141411968,2.687476,-2.6869142,-4.5923653,-0.41122884,0.842341,-0.02932661
634828304940275,0.9010408,-1.2826967,-8.210691,-0.5639053,0.7626397,-0.3163239
634828468432082,-0.83997154,-1.7931836,-6.927677,0.55683774,-0.5925561,0.42244774
634828631984236,-0.7006488,-2.6177177,-2.553291,0.43015403,-0.35039148,0.35678893
634828795515389,-1.3177758,-3.4654632,-3.3525033,0.2901046,-0.0618089,0.21690775
634828959017619,-2.4966514,-4.2033153,-2.9161487,0.21889913,0.03213728,0.04420597
634829122525388,-1.6924053,-1.9657756,1.9618788,0.076975,-0.085503444,-0.041712288
634829286109079,4.456974,-0.042853564,4.256091,-0.0012425263,-0.32015118,-0.0852193
634829449636425,-0.7431097,-1.6184838,5.1826687,0.056902256,-0.55826867,-0.3231312
634829613151309,3.3886166,-3.0200257,5.8271093,0.040342923,-0.7036898,-0.4983046
634829776685462,4.602759,-2.6840029,1.3832421,0.037194386,-0.85119784,-0.5112052
634829940196923,3.9293888,-4.336981,4.818506,-0.08498922,0.8515554,0.44608426
634830103675038,4.2822146,-1.6201807,-0.8897791,-0.17995365,0.7810216,0.23596892
634830267170268,2.0576038,-3.7532778,-6.3012404,-0.37592274,0.755469,0.03828835
634830430658998,-0.8835981,-2.4846773,-7.368995,-0.58483243,0.7499388,-0.24596877
634830594177344,-1.105782,-1.167366,-7.0685,0.6470187,-0.63220614,0.34962496
634830757689420,-1.5777111,-2.8367538,-2.1156871,0.55186063,-0.44020563,0.30068922
634830921163842,-1.3818455,-4.177003,-3.2965016,0.39315602,-0.23329963,0.19060186
634831084650649,-3.6188185,-4.447909,-1.6495371,0.25538865,-0.115729675,0.03784254
634831248146110,-1.2379489,-2.0138564,0.40760994,0.15940824,-0.25533423,-0.02741603
634831411628340,5.26667,1.489929,4.233419,0.09634131,-0.5184771,-0.03168886
634831575134494,2.545805,-0.7090168,3.3480859,0.123141915,-0.7410099,-0.25305128
634831738659493,4.735299,-2.036152,4.5689054,0.078589916,-0.81240416,-0.44612876
634831902183839,5.2466106,-2.1585803,1.8630502,0.0550345,-0.8529117,-0.51492256
634832065689684,3.679675,-2.3919582,2.3345647,-0.096235506,0.8243741,0.50964963
634832229202184,4.846652,-2.9869766,0.57360065,-0.17835604,0.7359511,0.40993696
634832392708568,2.4805074,-0.75532037,-3.9345636,-0.3038858,0.712449,0.20583968
634832556157913,-1.0228643,-1.5748386,-7.35793,-0.51193446,0.78334385,-0.06891036
634832719642105,0.45106888,-1.224335,-6.7627764,0.6446089,-0.7091243,0.28036565
634832883147489,0.25200367,-1.8832551,-6.0424104,0.66591907,-0.5588536,0.2808452
634833046621373,-2.9347448,-4.4808044,-2.3946884,0.51069057,-0.3527382,0.20331565
634833210118257,-3.6252127,-5.7290554,-2.6380038,0.2786976,-0.14484878,0.046410628
634833373609910,-3.1157582,-3.5307295,1.3907547,0.0769365,-0.17656744,-0.06897369
634833537097948,2.6538744,0.58915794,4.8625374,-0.006095422,-0.35795563,-0.039389793
634833700619447,3.499773,-1.7665579,5.287865,0.0035465478,-0.52992827,-0.20776902
634833864154639,2.3341222,-4.595412,6.0326004,0.027732147,-0.679047,-0.4566007
634834027680292,4.385711,-3.553547,4.250439,0.034867328,-0.8313136,-0.52029824
634834191214638,5.584384,-3.0943007,2.027574,-0.07776405,0.8470227,0.47707015
634834354721752,5.5645037,-2.5170567,1.2278847,-0.18893732,0.7386367,0.41875628
634834518209713,2.4072485,-1.5472507,-2.6221333,-0.34157598,0.6571798,0.24606462
634834681701520,-3.0913029,-2.0079308,-9.148641,-0.5327394,0.64715165,0.01724036
634834845154174,-2.6088893,-1.7249975,-5.7991743,-0.6994672,0.674129,-0.15091556
634835008636096,-1.2033086,-1.7683731,-3.6110415,0.70323753,-0.60661024,0.26011878
634835172141865,-3.6608167,-3.4869366,-2.5174277,0.5594894,-0.419001,0.24440455
634835335609287,-2.5880506,-4.0980606,-1.5903077,0.33070275,-0.22719601,0.122745335
634835499135825,-6.5014696,-6.5302305,2.046338,0.18134016,-0.19242172,-0.038699232
634835662641555,5.5040164,1.7415917,5.536197,0.116588525,-0.42704904,-0.050168086
634835826138401,3.4583626,-0.5339782,3.9520202,0.088552386,-0.5604809,-0.18851723
634835989634246,1.5745416,-4.030696,5.244555,0.06358485,-0.64398915,-0.423117
634836153141399,4.7254996,-4.3201714,5.733158,0.06498312,-0.7245021,-0.5670903
634836316599514,4.4763403,-3.0412312,1.7837756,-0.10775747,0.8253134,0.5532413
634836480125898,6.1470575,-3.1475387,1.0678315,-0.19241692,0.7440113,0.4434432
634836643639436,2.1232781,-1.8735011,-2.0307794,-0.3052536,0.62220705,0.2572952
634836807110781,-3.8375616,-2.5667763,-5.3302507,-0.4717555,0.5512689,0.09163689
634836970571396,-4.321333,-2.3201933,-9.255295,-0.67631555,0.6127954,-0.07631053
634837134093396,-2.1894202,-1.0864577,-3.451603,0.7413362,-0.6348054,0.17748643
634837297606472,-3.7639098,-2.7662337,-3.216977,0.6401208,-0.4994671,0.18824936
634837461144894,-3.4317868,-3.8730068,-1.2649524,0.41081908,-0.33147046,0.08941649
634837624684124,-4.6186934,-4.9158926,-0.01413393,0.23929763,-0.28853315,-0.03256937
634837788162239,-0.2818489,-0.79541445,4.6092787,0.05946852,-0.3636319,0.00089458155
634837951673931,8.410803,-0.8506241,5.187983,0.0037401016,-0.5080865,-0.022561114
634838115212046,0.37830353,-3.6321387,6.339883,0.016164074,-0.56031203,-0.28124082
634838278700968,1.2487025,-5.424678,8.182823,0.051932786,-0.6682928,-0.53341717
634838442213544,4.6388264,-3.9280195,4.3253164,0.10970573,-0.77811766,-0.57444257
634838605755736,3.4300234,-3.0213652,3.2909014,-0.19293906,0.80938244,0.5059118
634838769265736,6.317797,-3.1947653,0.78556937,-0.30731308,0.66754144,0.33368778
634838932812735,2.0050578,-1.5715327,-6.0332794,-0.46039832,0.58375794,0.07828908
634839096297811,-1.8889537,-2.615128,-11.105195,-0.62926364,0.6466769,-0.19493346
634839259782041,-1.3032863,-2.447712,-7.561406,-0.76649714,0.5952733,-0.23623936
634839423180848,-2.690114,-2.4215307,-2.1796594,0.688991,-0.5199624,0.25408
634839586696694,-3.5085194,-2.2037442,-3.2150655,0.46857733,-0.35518464,0.18313423
634839750152693,-3.689645,-4.9973116,-1.2662921,0.26041657,-0.23399583,0.028755067
634839913662654,-2.0113468,-2.1730642,-0.123249054,0.12713921,-0.27334887,-0.061923873
634840077181077,0.45146608,-0.057901144,5.0389524,0.044989303,-0.424912,-0.15393671
634840240638422,2.7789736,-2.494163,6.431489,0.040055875,-0.55277324,-0.30056375
634840404111691,3.0763354,-4.4758606,6.6217628,0.05531627,-0.63801706,-0.53510493
634840567593036,4.4121594,-3.5812845,5.004673,0.12269426,-0.7133809,-0.62113035
634840731103228,4.2725735,-3.3339353,3.7976346,-0.20954995,0.7865802,0.5726763
634840894595266,6.4631724,-2.781666,2.0192678,-0.30067748,0.6671148,0.43032753
634841058067034,0.4850645,-0.1368866,-4.5965066,-0.42726466,0.53132576,0.14316286
634841221544918,-2.1036606,-0.6698642,-10.271885,-0.57585204,0.578776,-0.067725636
634841385037841,-1.6412663,-0.56613684,-4.566822,-0.748381,0.6156946,-0.1646034
634841548478148,-2.6625319,-0.76204646,-2.8243008,0.7816177,-0.5737429,0.16227426
634841712014724,-2.2520447,-1.4619584,-1.2732544,0.6263663,-0.49003574,0.16304283
634841875462762,-2.812129,-2.9813333,0.021794796,0.41651177,-0.34762347,0.07183244
634842038701877,-4.20171,-2.2059112,-0.86686087,0.21506028,-0.21904159,-0.06197059
634842202085530,-2.3198478,-1.3828567,0.29669476,0.07024936,-0.24394403,-0.066693544
634842365372145,-2.6643336,-1.3077374,2.1299324,0.012338703,-0.28392258,-0.04575
634842528785567,-1.469029,0.2063328,2.2322345,0.02123234,-0.34280002,-0.07334335
634842692151144,-0.847569,1.2339393,3.5887618,0.013544394,-0.40856254,-0.15922137
634842855559412,-3.3310897,0.19816566,3.038766,0.0095339855,-0.41169342,-0.23676224
634843018988489,-3.393267,-0.43390036,1.3189597,0.047733556,-0.34767503,-0.23007572
634843182374449,-1.0374107,-0.20110798,1.5339451,0.03946576,-0.2987058,-0.1933483
634843345800718,1.6388187,0.84106696,0.877501,0.034436297,-0.311286,-0.1359005
634843509226371,-3.3000617,-0.9784977,1.2297287,0.07079111,-0.2580668,-0.11783739
634843672615832,0.37269115,-0.11171317,-0.35044193,0.11516589,-0.11157211,-0.037301607
634843835975908,-0.83957607,0.9038193,-0.43374634,0.16939782,-0.08822251,0.013201874
634843999400292,-1.2575756,-0.6694391,1.1679802,0.12075411,-0.013003059,0.06648057
634844162816907,-0.53510547,0.9207585,0.5339546,0.13438036,0.0032755274,0.09444495
634844326141214,3.3333018,1.2407482,-2.153677,0.11721944,0.03647688,0.14290728
634844489768637,0.8130828,-0.09264469,1.3556337,0.11470697,-0.0072252085,0.15571828
634844653254867,-0.2286863,-0.0073843,0.38795567,0.116635285,0.01396421,0.1515361
634844816743174,-0.40445465,0.69109225,0.7367506,0.08204733,0.0547721,0.14663933
634844980285943,-1.6369369,1.3283651,1.1336594,0.10165019,0.16307591,0.17777723
