Sensor,gyroscope,gyroscope,gyroscope,gyroscope,accelerometer,accelerometer,accelerometer,accelerometer,rotation_vector,rotation_vector,rotation_vector,rotation_vector,linear_acceleration,linear_acceleration,linear_acceleration,linear_acceleration,gravity,gravity,gravity,gravity
Axis,x,y,z,w,x,y,z,w,x,y,z,w,x,y,z,w,x,y,z,w
1758777727098,0.039095376,-0.026267206,0.0030543262,,0.25378537,9.969456,0.6991069,,0.6229882,-0.27071616,-0.28071564,0.6780835,0.08343202,0.19355392,-0.057935655,,0.17035335,9.775902,0.7570425,
1758781706521,0.039095376,-0.026267206,0.0030543262,,0.24181437,9.933543,0.5770026,,0.6251576,-0.2659151,-0.27532667,0.68019295,0.070178,0.15746403,-0.17746496,,0.17163637,9.776079,0.75446755,
1758977814290,0.008552114,-0.007330383,0.049480084,,-0.22505496,10.081984,0.8810662,,0.6071732,-0.30397943,-0.31655434,0.66236746,-0.4043749,0.30675888,0.11737883,,0.17931992,9.775225,0.7636874,
1759010468136,0.007941248,-0.05681047,0.12461651,,0.047884032,10.110714,0.51714754,,0.6052671,-0.30827066,-0.3201829,0.6603816,-0.14393619,0.33524418,-0.24033642,,0.19182022,9.77547,0.75748396,
1759059531020,-0.06658431,-0.014049901,0.061086524,,0.6536171,10.134656,0.9528923,,0.6164926,-0.28368816,-0.2908424,0.6744395,0.4177026,0.3614359,0.17899364,,0.2359145,9.77322,0.77389866,
1759080044943,-0.025045475,0.057421334,-0.009773844,,0.6368576,10.151415,0.9624691,,0.6225734,-0.26946455,-0.27513725,0.68124205,0.39605623,0.37883472,0.18203169,,0.2408014,9.77258,0.7804374,
1759100389174,-0.014660766,0.13133603,-0.03176499,,0.16519992,10.283096,0.9744401,,0.6300479,-0.2509732,-0.25536937,0.68908536,-0.07108195,0.51081467,0.18888664,,0.23628187,9.772282,0.78555346,
1759116717481,0.009162978,0.16187929,0.0036651916,,-0.074220255,10.170568,0.9576807,,0.63331854,-0.24256425,-0.24642234,0.6923484,-0.3071309,0.39823532,0.1717717,,0.23291065,9.772333,0.785909,
1759141249212,0.018325957,0.08307768,0.103847094,,0.0023942017,10.290278,0.81881696,,0.6399817,-0.2247492,-0.22590452,0.6991984,-0.24413551,0.5180292,0.03602588,,0.24652971,9.772249,0.7827911,
1759161762481,0.022602014,0.032986723,0.13255776,,0.2873042,10.292673,0.9720459,,0.6413189,-0.22110146,-0.22058539,0.70083266,0.022729695,0.5207577,0.1909622,,0.2645745,9.771915,0.7810837,
1759173904481,0.030543262,0.026267206,0.12217305,,0.38307226,10.237606,1.0654198,,0.6386225,-0.22907047,-0.22791438,0.698386,0.100084454,0.46599483,0.2870074,,0.2829878,9.771611,0.7784124,
1759194613058,0.03176499,0.1160644,0.09285152,,0.15083471,10.2735195,0.9959879,,0.63608855,-0.23639886,-0.23482242,0.6959636,-0.146447,0.50205135,0.22112638,,0.2972817,9.771468,0.7748615,
1759312851404,-0.04153884,0.6200282,0.32253686,,-0.4261679,10.728417,1.8674773,,0.6321801,-0.23554885,-0.23044148,0.7012574,-0.8086247,0.9688158,0.9875254,,0.38245678,9.759602,0.8799519,
1759439748557,0.40317106,-0.33475417,0.9963212,,14.518439,10.931925,1.661576,,0.62162703,-0.27569792,-0.181866,0.71027833,12.895058,1.2886868,0.92469454,,1.6233817,9.643238,0.7368815,
1759464107672,0.4098906,-0.7831292,0.33658674,,15.710752,11.592725,1.0773908,,0.6234292,-0.28287542,-0.17308216,0.7080679,13.898668,1.9745417,0.46315032,,1.8120834,9.618183,0.61424047,
1759480586980,0.38423425,-1.1917981,0.043982297,,16.124949,11.908759,1.4508862,,0.6258535,-0.2854903,-0.17021765,0.70556974,14.263607,2.294736,0.92519677,,1.8613416,9.614023,0.5256895,
1759500735326,0.3463606,-1.8240436,-0.16982053,,16.417042,12.241553,2.15957,,0.63010406,-0.2898827,-0.17117228,0.6997407,14.554046,2.620654,1.788155,,1.8629961,9.620899,0.37141502,
1759525252249,0.3268129,-2.9626966,-0.43188173,,15.406688,12.361263,3.3925838,,0.629559,-0.30770516,-0.19046205,0.68752986,13.60914,2.722371,3.2165933,,1.8269571,9.631805,0.24686158,
1759541579903,0.376293,-3.5436292,-0.6383542,,14.705187,11.810597,4.268862,,0.6281468,-0.32292876,-0.20878898,0.6764287,12.993178,2.1545677,4.2463346,,1.7120085,9.65603,0.022527328,
1759557931326,0.4886922,-3.9309177,-0.8784242,,13.934254,10.9582615,5.303157,,0.62641025,-0.3396308,-0.23067954,0.6626071,12.354565,1.2808676,5.454942,,1.5796894,9.677394,-0.15178528,
1759578443480,0.8136725,-4.310265,-1.1533136,,11.971008,9.564836,5.872977,,0.62455434,-0.35784402,-0.25561312,0.6454002,10.572416,-0.13506222,6.228379,,1.398592,9.699898,-0.35540187,
1759598771441,1.0824533,-4.2943826,-1.2156218,,8.408437,7.2448545,6.1123967,,0.6233509,-0.38433552,-0.29253078,0.6149354,7.3494716,-2.4784493,6.823971,,1.0589652,9.723304,-0.7115739,
1759606934210,1.1911873,-4.443434,-1.17897,,7.6590514,6.2105594,5.777209,,0.6228704,-0.3938327,-0.3049252,0.60328174,6.7242184,-3.514811,6.621988,,0.9348329,9.72537,-0.84477884,
1759733648325,-1.1985176,-5.0891185,-0.5314528,,-2.0973208,0.545878,8.872911,,0.54834676,-0.512489,-0.4971712,0.43530643,-1.1258264,-9.133161,10.1150055,,-0.9714944,9.679039,-1.2420938,
1759843744902,-0.013439035,-0.65179324,-2.8612928,,-25.72091,8.183381,20.271706,,0.4553841,-0.4653365,-0.69185364,0.31213114,-22.390312,-0.91884327,18.779383,,-3.3305962,9.102224,1.4923221,
1759860071478,1.1667526,0.055588737,-1.9498819,,-27.942728,8.128315,12.476185,,0.46554857,-0.46218187,-0.6941841,0.29624453,-24.289602,-0.86939526,11.110071,,-3.653126,8.99771,1.3661141,
1759876422286,1.7489072,0.4129449,-0.9437868,,-27.04969,7.3430166,4.673482,,0.47762576,-0.46414682,-0.6885497,0.2869509,-23.211725,-1.613265,3.5664802,,-3.8379645,8.956282,1.1070018,
1759900911709,1.3500122,0.8155051,0.37934732,,-22.981941,8.145074,-3.4979286,,0.48941162,-0.47428343,-0.67511946,0.28239205,-19.12837,-0.8457403,-4.1948185,,-3.8535712,8.990814,0.6968898,
1759921447094,0.4147775,0.7281514,1.2223413,,-19.891027,8.310274,-4.642357,,0.49283573,-0.4808591,-0.6660798,0.28674948,-16.157011,-0.7434397,-5.150096,,-3.7340162,9.053714,0.5077388,
1759941743709,-0.35979962,0.45265114,1.4031575,,-15.181633,9.77792,-2.4492683,,0.49175805,-0.4852449,-0.65638113,0.30310917,-11.735605,0.6074867,-2.8947139,,-3.4460278,9.170433,0.44544545,
1759962276555,-0.9596693,0.29565877,1.3939945,,-12.58153,10.2735195,2.8060043,,0.48593822,-0.48549518,-0.65459085,0.31570455,-9.348911,1.0314655,2.2537236,,-3.2326183,9.242054,0.55228055,
1759978599901,-0.6774496,0.657291,1.3133603,,-10.649409,10.477027,7.237672,,0.4806095,-0.48448643,-0.6527402,0.32896474,-7.6224065,1.1735096,6.5651827,,-3.0270028,9.303517,0.6724892,
1759998924670,-0.15577064,0.88514376,1.319469,,-8.075643,10.637438,9.392453,,0.4784865,-0.48435628,-0.6444525,0.3480382,-5.3339515,1.2490177,8.677555,,-2.741691,9.38842,0.71489805,
1760019434055,0.408058,1.3359623,1.1166617,,-5.3342814,9.6845455,7.9631147,,0.4807761,-0.4865172,-0.6348246,0.35937878,-2.7774029,0.23811722,7.3324423,,-2.5568786,9.446428,0.6306725,
1760031571055,0.39522982,1.3927728,0.947452,,-3.1483753,8.762778,6.3781533,,0.48560327,-0.48781034,-0.624307,0.3694202,-0.73675275,-0.7287855,5.8636856,,-2.4116225,9.491564,0.51446754,
1760060263708,0.21135938,2.4764478,-0.1423316,,-0.89064306,6.95755,5.710171,,0.498308,-0.4834818,-0.6093942,0.3828488,1.434819,-2.5628958,5.3584166,,-2.325462,9.520446,0.35175446,
1760080593208,0.01160644,3.2210925,-0.46853364,,-2.006341,6.167464,3.845088,,0.52223736,-0.46822235,-0.59199435,0.39696166,0.41188574,-3.3350472,3.6874764,,-2.3767405,9.511695,0.22176176,
1760105082939,-0.54611355,3.5643988,-0.59131753,,-3.7134068,4.8698063,3.6631286,,0.54718757,-0.44435236,-0.57606167,0.41387174,-1.1380062,-4.592431,3.6016068,,-2.522743,9.476273,0.080121584,
1760117455439,-0.8258898,3.8875463,-0.4373795,,-4.2042184,5.097255,4.024653,,0.5551268,-0.43520218,-0.5705774,0.42056495,-1.5816848,-4.3521075,3.976928,,-2.6225336,9.449363,0.047725044,
1760137761131,-0.81306165,3.9950588,0.02687807,,-4.606444,6.543353,4.31914,,0.57800424,-0.40741858,-0.55001587,0.4443015,-1.9214847,-2.8885813,4.3206854,,-2.6849592,9.431934,-0.0015454759,
1760158309170,-0.97066486,3.2107077,0.8008443,,-2.5450363,7.0700774,3.4452562,,0.58850557,-0.39328632,-0.5349925,0.4612701,0.0720613,-2.3808904,3.4651232,,-2.6170976,9.450968,-0.019867023,
1760178615054,-1.0158689,3.0842586,1.1905763,,-0.22505496,8.135497,4.4125137,,0.5973482,-0.37679043,-0.5119864,0.4889521,2.159955,-1.3766832,4.3888974,,-2.38501,9.51218,0.023616146,
1760203139631,-0.6927212,2.7861564,1.4648548,,4.177882,8.664616,3.1292217,,0.6034687,-0.36502746,-0.48610044,0.51603,6.236912,-0.92330647,3.0786102,,-2.0590296,9.587922,0.050611414,
1760219470554,-0.7440339,2.7360654,1.2156218,,6.3781533,8.983045,1.9201498,,0.6062845,-0.3584331,-0.4704178,0.53165025,8.234473,-0.6459999,1.8427787,,-1.8563203,9.629045,0.07737112,
1760240010669,-0.9254609,3.1673362,0.60903263,,6.579266,9.773131,1.6807296,,0.60997444,-0.34843603,-0.4558563,0.54655164,8.297831,0.119086266,1.552782,,-1.7185643,9.654045,0.1279476,
1760260324708,-0.93767816,3.005457,0.3903429,,5.9400144,11.168951,1.0486604,,0.61554724,-0.3294507,-0.4349421,0.56867325,7.5164843,1.492979,0.80224234,,-1.5764701,9.675972,0.24641806,
1760276656631,-1.042747,2.7708848,0.34147367,,6.6415157,11.492168,0.19153613,,0.6185113,-0.31677574,-0.42359525,0.58108854,8.169856,1.8111506,-0.14378992,,-1.5283407,9.681018,0.33532605,
1760301189015,-1.1887437,2.6603181,-0.010995574,,5.1762643,11.446678,0.50038815,,0.62241685,-0.29436505,-0.4087341,0.59906846,6.707243,1.7736464,-0.008507848,,-1.5309786,9.673032,0.508896,
1760321729861,-1.2186762,2.4819455,0.12339478,,3.6415808,12.394782,0.38307226,,0.6244746,-0.27925423,-0.39997026,0.6099775,5.199514,2.733097,-0.24550581,,-1.557933,9.661685,0.62857807,
1760342039400,-1.2614367,1.994475,0.52839845,,3.9025488,12.835316,1.103727,,0.62406385,-0.2603146,-0.3860164,0.62751263,5.423524,3.183735,0.2646578,,-1.5209754,9.651581,0.8390692,
1760354392784,-1.2021828,1.3243558,0.7281514,,4.757279,12.619837,1.5825673,,0.6225719,-0.25641283,-0.38207,0.63299227,6.2392344,2.9690952,0.6674752,,-1.4819556,9.650742,0.9150921,
1760399223053,-0.55955255,0.6780604,0.34880406,,4.355053,11.944673,2.741361,,0.6122849,-0.24369575,-0.36601156,0.6570808,5.6098247,2.3044186,1.4523832,,-1.2547716,9.640254,1.2889777,
1760423743130,-0.32253686,0.5687156,0.26145032,,3.157952,12.124237,1.2689269,,0.6109387,-0.23978928,-0.36083952,0.66260844,4.3654337,2.487465,-0.08939159,,-1.2074816,9.636772,1.3583184,
1760444284130,-0.33108896,0.398895,0.17287487,,2.348712,11.959038,1.6376339,,0.6097547,-0.23812616,-0.3588313,0.66538364,3.5324492,2.325614,0.23537803,,-1.1837372,9.633424,1.4022559,
1760464536284,-0.18997909,0.30909783,0.118507855,,1.2090719,11.336545,2.6168625,,0.6079373,-0.23708765,-0.35794705,0.667889,2.3713782,1.7083864,1.1615218,,-1.1623063,9.628159,1.4553407,
1760480864361,-0.01282817,0.21197024,0.12705997,,0.6895301,11.168951,2.4947581,,0.6080784,-0.23622608,-0.35623208,0.66898173,1.838597,1.5399065,1.0347855,,-1.1490669,9.629045,1.4599726,
1760497226322,0.122783914,-0.029321533,0.24801129,,0.25617957,11.061212,1.8674773,,0.6082314,-0.23748302,-0.35488573,0.66911316,1.3731498,1.4260798,0.4228332,,-1.1169702,9.635132,1.4446441,
1760513555745,0.14721853,-0.28344148,0.38728857,,0.35673606,10.9822035,1.1300632,,0.6076082,-0.24017882,-0.35559583,0.6683398,1.3886347,1.3734827,-0.014488816,,-1.0893594,9.639845,1.4342505,
1760542418553,0.06719518,-0.37384954,0.34208453,,0.8355764,10.481815,1.2761095,,0.60414565,-0.2509023,-0.35666102,0.66697,1.7795823,0.8235569,-0.13714802,,-0.9440058,9.658258,1.4132575,
1760562569437,0.09712757,-0.321926,0.17348573,,0.33279404,10.208876,1.4149733,,0.6018259,-0.2575556,-0.35855648,0.66551334,1.7473733,0.48933506,0.098822474,,-0.8878549,9.6644745,1.4071304,
1760578937822,0.11484267,-0.1459968,0.099571034,,-0.39983168,10.230424,0.9864111,,0.60169363,-0.2593491,-0.35851985,0.6649559,0.44870618,0.55946827,-0.40030468,,-0.84853786,9.670956,1.3867158,
1760595267976,0.07147124,-0.04337143,0.1337795,,-0.5243302,10.409989,0.59136784,,0.60176325,-0.26049283,-0.35779014,0.6648389,0.3017661,0.7351923,-0.7820431,,-0.8260963,9.674797,1.3734109,
1760619804206,-0.05681047,-0.15210545,0.23090707,,-0.35673606,10.237606,0.89064306,,0.6008798,-0.2621996,-0.35606298,0.6658935,0.41512656,0.5588045,-0.48610967,,-0.7718626,9.678802,1.3767527,
1760640318399,-0.030543262,-0.22174409,0.27977628,,-0.320823,10.096349,1.412579,,0.59935373,-0.26456824,-0.3556086,0.6665743,0.4005729,0.4152918,0.024374008,,-0.7213959,9.681057,1.388205,
1760660663783,0.050701816,-0.19486602,0.2565634,,-0.30645782,10.024523,1.5442601,,0.60013795,-0.26346308,-0.34763,0.67050356,0.3206386,0.3359003,0.16305947,,-0.6270964,9.688622,1.3812007,
1760681179245,0.10934488,-0.073303826,0.258396,,-0.4261679,9.976639,1.5729905,,0.6011404,-0.26273143,-0.34214166,0.6727122,0.14129442,0.28206158,0.20785701,,-0.5674623,9.694577,1.3651335,
1760697546937,0.14172074,-0.10445796,0.2883284,,-0.18914193,9.80665,1.4341269,,0.5943918,-0.27946648,-0.3560458,0.6647017,0.31823212,0.10598755,0.08871639,,-0.50737405,9.700663,1.3454105,
1760722043283,0.1337795,-0.16126843,0.30604348,,-0.033518825,9.962274,0.9840169,,0.5709959,-0.3274314,-0.40179077,0.63664484,0.37764207,0.25211048,-0.32521677,,-0.4111609,9.710163,1.3092337,
1760742391667,0.10934488,-0.065973446,0.26816985,,0.5674258,9.923966,0.93373865,,0.5732526,-0.32647306,-0.3927039,0.64076555,0.87978405,0.2050314,-0.33714014,,-0.31235826,9.718935,1.2708788,
1760754742590,0.08124508,0.004886922,0.16187929,,0.6823475,9.933543,0.90261406,,0.57671934,-0.32134563,-0.38445696,0.64523226,0.9644103,0.21198559,-0.3552217,,-0.2820628,9.721558,1.2578357,
1760783252898,0.043982297,0.020158553,0.03359759,,0.49320555,10.15381,1.0462662,,0.585255,-0.30904412,-0.36320233,0.65578383,0.68737435,0.42470455,-0.16913617,,-0.21165392,9.727607,1.2244377,
1760799581706,0.032375857,-0.008552114,-0.015882496,,0.46926352,10.144233,0.9528923,,0.58708227,-0.30590814,-0.35929742,0.657769,0.6623036,0.42411137,-0.21522403,,-0.1906459,9.729698,1.2112119,
1760820137359,0.010995574,0.030543262,-0.10995574,,0.17477672,10.170568,0.94331545,,0.5886074,-0.30372694,-0.35675684,0.6587989,0.368845,0.4398117,-0.25880927,,-0.19406828,9.730757,1.2021247,
1760836467129,0.01282817,0.034208454,-0.10262536,,-0.40701428,10.242394,1.1420342,,0.5897806,-0.30174726,-0.3553867,0.65939957,-0.19856063,0.51148987,-0.056483388,,-0.20845366,9.730905,1.1985176,
1760856810898,0.08857546,-0.004276057,-0.03970624,,-0.56982,10.16578,1.2354081,,0.5926003,-0.29764283,-0.3509298,0.6611217,-0.35048515,0.43301964,0.05402744,,-0.21933483,9.73276,1.1813806,
1760881301398,0.11484267,-0.09896017,-0.021991149,,-0.1412579,10.220847,0.7589619,,0.5966111,-0.29243273,-0.3438194,0.6635712,0.075989604,0.4840603,-0.38916767,,-0.21763211,9.735479,1.1590768,
1760885487475,0.09590584,-0.11911872,-0.03970624,,-0.1412579,10.220847,0.7589619,,0.5966111,-0.29243273,-0.3438194,0.6635712,0.075989604,0.4840603,-0.38916767,,-0.2172475,9.736787,1.1481296,
1760913996744,0.06047566,-0.15210545,-0.06963864,,-0.7374141,10.199299,0.90021986,,0.6025907,-0.2830085,-0.33302587,0.66774595,-0.5079282,0.45881176,-0.21363276,,-0.22948593,9.740487,1.1138526,
1760934548282,0.026267206,-0.051923547,-0.058643065,,-0.90261406,10.21127,0.842759,,0.5940314,-0.30182648,-0.3542326,0.6561607,-0.6598285,0.46940613,-0.25612473,,-0.24278556,9.741864,1.0988837,
1760959037513,0.016493361,-0.03726278,-0.049480084,,-0.9624691,10.072407,1.0271125,,0.58578616,-0.31892416,-0.37456754,0.6440816,-0.68781805,0.32944584,-0.054403067,,-0.27465105,9.742961,1.0815156,
1760979382051,0.01038471,-0.064751714,-0.009773844,,-1.163582,10.086772,1.103727,,0.58764815,-0.3164891,-0.37369978,0.6440907,-0.85454905,0.34346104,0.034717917,,-0.30903292,9.743311,1.0690091,
1760995709320,0.040927973,-0.087964594,0.051923547,,-1.079785,10.007763,1.0773908,,0.5899493,-0.31294018,-0.37057307,0.64552605,-0.75404143,0.2639761,0.017718434,,-0.32574353,9.743787,1.0596724,
1761012036282,0.027488936,-0.10323623,0.09773844,,-0.59855044,9.983821,1.0223241,,0.59350586,-0.30683902,-0.36421302,0.6488063,-0.263487,0.23944092,-0.028960705,,-0.33506343,9.74438,1.0512848,
1761036565282,0.03604105,-0.12767084,0.093462385,,-0.05746084,9.969456,1.0486604,,0.5973657,-0.30011734,-0.35644242,0.6527118,0.27667788,0.22395611,0.0075116158,,-0.33413872,9.7455,1.0411488,
1761057116974,0.073303826,-0.2144137,0.07696902,,0.19632454,9.947908,0.93134445,,0.59736407,-0.30096462,-0.35614887,0.6524833,0.51751494,0.20091724,-0.099853575,,-0.3211904,9.746991,1.031198,
1761077420628,0.061086524,-0.29626966,0.092240654,,0.5554548,9.816227,0.7613561,,0.60147655,-0.29417998,-0.3460808,0.65720034,0.8462086,0.06644344,-0.25233984,,-0.29075375,9.7497835,1.013696,
1761093747243,0.02443461,-0.33414328,0.06169739,,0.79726917,9.921572,0.6919243,,0.6019896,-0.29426798,-0.3432545,0.65817267,1.0513892,0.1694088,-0.30864543,,-0.25412002,9.752163,1.0005697,
1761122466204,-0.019547688,-0.15882497,-0.18692477,,1.2018893,9.813833,0.7206547,,0.6001856,-0.2991861,-0.34456074,0.6569192,1.4031078,0.058938026,-0.26520675,,-0.20121846,9.754895,0.9858615,
1761142811551,-0.086132,-0.13683382,-0.35124752,,0.6679823,10.0987425,0.37349546,,0.5999468,-0.29953605,-0.346581,0.6559144,0.8927535,0.34451294,-0.6138775,,-0.20339054,9.755211,0.9823016,
1761159138627,-0.17165314,-0.14660765,-0.45142943,,0.08140286,10.163386,0.8834604,,0.59979653,-0.29802632,-0.3494871,0.65519714,0.3629548,0.41280365,-0.12514246,,-0.28155193,9.750583,1.0086029,
1761175465550,-0.1337795,-0.30176744,-0.52106804,,-0.49081135,10.364499,1.1348516,,0.5998705,-0.2959916,-0.3525552,0.65440756,-0.14192367,0.618392,0.10428345,,-0.34888768,9.746107,1.0305681,
1761196171781,-0.07147124,-0.43554693,-0.59498274,,-1.151611,10.6398325,0.91458505,,0.59998506,-0.29437894,-0.35659084,0.6528415,-0.72470045,0.8985338,-0.13196045,,-0.42691055,9.741299,1.0465455,
1761216323012,-0.0421497,-0.56688297,-0.66767573,,-1.8866309,10.685322,0.79248077,,0.5996477,-0.29361144,-0.36543414,0.64859307,-1.3237801,0.95275116,-0.2708537,,-0.5628508,9.732571,1.0633345,
1761240855627,0.032375857,-0.81122905,-0.79779,,-2.5617957,10.752359,1.0031705,,0.5991511,-0.2938858,-0.37679172,0.6423995,-1.8368278,1.031457,-0.06867957,,-0.7249679,9.720902,1.0718501,
1761257186165,0.099571034,-0.9089675,-0.9468411,,-3.4141316,10.364499,0.90500826,,0.5989962,-0.29438487,-0.38566202,0.63702905,-2.561377,0.65373707,-0.16472214,,-0.8527546,9.710762,1.0697304,
1761273555742,0.10567969,-0.75502944,-1.2089024,,-4.9320555,10.620679,0.59376204,,0.5998569,-0.29311892,-0.39502367,0.63103825,-3.9123907,0.9254017,-0.47031784,,-1.0196649,9.695277,1.0640799,
1761302277550,-0.08979719,0.009773844,-1.5992452,,-9.272743,10.795456,0.8858546,,0.6039571,-0.28402364,-0.40758175,0.62325233,-7.916611,1.1421719,-0.18437171,,-1.356132,9.653284,1.0702263,
1761314419858,-0.1301143,0.18509217,-1.5662584,,-12.524069,10.58716,1.8004397,,0.60729647,-0.275438,-0.4155188,0.6186026,-10.916633,0.9741945,0.7153355,,-1.6074361,9.612966,1.0851042,
1761338911896,-0.08857546,0.5564982,-1.1435398,,-15.844827,10.371682,2.315193,,0.611929,-0.26437435,-0.42516747,0.612276,-13.916796,0.8185768,1.2237301,,-1.9280312,9.553105,1.0914629,
1761359606973,-0.2284636,1.0158689,-0.56321776,,-17.027563,10.151415,2.4875755,,0.6150421,-0.25722554,-0.4275583,0.6105344,-14.950096,0.62948513,1.3978947,,-2.0774665,9.52193,1.0896808,
1761379758050,-0.2773328,1.4538593,-0.116675265,,-18.109741,9.746795,3.6607344,,0.61968756,-0.24647546,-0.42389077,0.61282456,-15.920238,0.24928093,2.577351,,-2.189504,9.497514,1.0833833,
1761404276126,-0.3622431,2.0567832,0.8216137,,-15.31092,9.770737,4.63278,,0.62499523,-0.23506449,-0.40739247,0.6230225,-13.18939,0.25535202,3.5711975,,-2.1215293,9.515385,1.0615826,
1761416626857,-0.48624873,2.0457878,1.2205088,,-13.6254015,9.847352,4.6160207,,0.6263081,-0.23194703,-0.40009567,0.6275844,-11.565676,0.31799126,3.5581036,,-2.059726,9.529361,1.0579172,
1761432983126,-0.60048056,2.3194554,1.2425,,-10.086772,9.753978,5.6335564,,0.62784684,-0.22611627,-0.38414168,0.63805574,-8.186099,0.19324017,4.5611053,,-1.9006732,9.560738,1.072451,
1761461450434,-0.6249151,2.9755247,1.169807,,-8.133103,10.170568,8.422802,,0.6335379,-0.20452613,-0.34435317,0.6619817,-6.509745,0.5635872,7.3087897,,-1.6233581,9.606981,1.1140121,
1761477802011,-0.4361578,3.1367931,1.3426818,,-7.1371155,9.605537,10.005369,,0.63766545,-0.19136037,-0.32039675,0.6738768,-5.659202,-0.024970055,8.89204,,-1.4779134,9.630507,1.113329,
1761494129472,-0.0421497,3.0085113,1.7153096,,-5.923255,8.947132,11.044453,,0.64300466,-0.17894775,-0.2920457,0.6850052,-4.6443377,-0.7167816,9.975082,,-1.2789171,9.663914,1.0693705,
1761502292511,0.19242255,2.9071076,1.9107865,,-5.056554,8.226477,11.003751,,0.64300466,-0.17894775,-0.2920457,0.6850052,-3.9036918,-1.4580498,9.978435,,-1.2789171,9.663914,1.0693705,
1761539156049,0.5180137,2.3475552,3.0439415,,0.1436521,6.31351,6.801927,,0.65851283,-0.16491276,-0.20871972,0.7039892,0.5623532,-3.4540405,6.033779,,-0.41870108,9.76755,0.7681478,
1761559488318,0.4801401,2.1618521,3.0634892,,6.5122285,5.1475334,6.9743094,,0.66439646,-0.16012134,-0.15076724,0.71428835,6.2336493,-4.633849,6.328277,,0.0456288,9.782834,0.6815198,
1761575816626,0.6102544,2.1099286,2.8985555,,9.995792,4.5992613,6.9743094,,0.66757137,-0.15482257,-0.111450925,0.7196925,9.269646,-5.162303,6.378488,,0.7261472,9.761564,0.5958215,
1761596355280,0.8338311,1.7482964,2.3976462,,12.243947,4.2999864,5.884948,,0.67134345,-0.1491842,-0.07408129,0.722187,11.106279,-5.425999,5.3545637,,1.1376674,9.725986,0.5303841,
1761612679703,0.75869465,1.5338826,1.9963076,,12.799402,4.144363,4.5561657,,0.6756834,-0.14306678,-0.039617427,0.72209024,11.298234,-5.536219,4.1053762,,1.5011686,9.680582,0.4507894,
1761637188856,0.63041294,1.5314392,1.8044959,,10.42196,4.0533834,3.2872388,,0.6816113,-0.13141409,0.006219194,0.71979004,8.483584,-5.553206,2.931525,,1.9383751,9.606589,0.3557139,
1761657491664,0.5656612,1.3701707,1.8051068,,9.560047,3.98874,1.7381904,,0.6860572,-0.119404994,0.050371345,0.7159125,7.2056437,-5.5265026,1.442658,,2.3544033,9.515243,0.29553246,
1761665654202,0.50823987,1.3347405,1.8252654,,9.746795,3.8833952,1.2737153,,0.6870522,-0.11586697,0.06485038,0.71437293,7.2494755,-5.595663,0.98865294,,2.497319,9.479058,0.2850623,
1761722854279,0.62858033,0.5699373,1.4404203,,13.816938,4.477157,1.721431,,0.69254595,-0.09374126,0.15582472,0.69807696,10.416887,-4.7184043,1.4940602,,3.4000516,9.195561,0.22737081,
1761743366817,0.8191703,0.4184427,1.1374311,,13.900735,3.9193082,0.94570965,,0.6962783,-0.08734817,0.17634775,0.69026697,10.309919,-5.2050776,0.79729855,,3.590816,9.124386,0.14841108,
1761755533433,0.8417723,0.28405234,0.9810496,,15.555128,4.132392,-0.24660277,,0.70084935,-0.08041175,0.19444138,0.6815694,11.807413,-4.929778,-0.29257914,,3.7477152,9.06217,0.04597638,
1761776045010,0.8362745,0.18753563,0.2302962,,15.808914,4.7165775,-1.3551182,,0.70595944,-0.07201511,0.20902494,0.6728624,11.964327,-4.3047686,-1.2851987,,3.844587,9.021346,-0.069919445,
1761796370586,0.75136423,0.3304781,-0.18325958,,13.498509,5.662287,-2.8682537,,0.7130389,-0.053117946,0.22598273,0.6615783,9.648886,-3.3544831,-2.6476817,,3.8496232,9.01677,-0.22057189,
1761820864509,0.4868596,0.05681047,-0.40500367,,12.79222,6.5098343,-3.9983168,,0.7181759,-0.031519998,0.23910072,0.6527333,9.123261,-3.0810113,-3.1498728,,3.800639,9.035391,-0.2953834,
1761841407740,-0.055588737,-0.33108896,-0.5491679,,12.421119,7.156269,-4.0773253,,0.7201897,-0.019370386,0.24448422,0.64898306,8.721147,-1.9179258,-3.7037234,,3.699972,9.074195,-0.37360185,
1761853550048,-0.18997909,-0.4129449,-0.57360244,,12.586318,6.8091097,-2.5258827,,0.7205424,-0.008217151,0.24831024,0.64737415,8.972811,-2.2997007,-2.1483495,,3.6135077,9.10881,-0.37753314,
1761878066740,-0.43371433,-1.0494665,-0.93279123,,14.480132,7.491457,-1.1204864,,0.7202609,0.0057917186,0.24886581,0.6475002,11.0380335,-1.6838503,-0.7515738,,3.5152633,9.147419,-0.3715556,
1761894397009,-0.52473325,-1.0036516,-1.4294246,,11.858481,7.788338,0.055066638,,0.7194028,0.016917834,0.2447061,0.64984024,8.621338,-1.4620156,0.4047053,,3.237143,9.250354,-0.34963864,
1761914939355,-0.4569272,-0.79351395,-1.7458528,,9.940725,6.979098,0.47405192,,0.71782595,0.031356476,0.24051182,0.6526077,6.955931,-2.3568387,0.79291195,,2.9847941,9.335937,-0.31886002,
1761935247163,-0.49357912,-1.0604621,-1.6261233,,7.639898,6.6870055,1.3694834,,0.71495456,0.051285274,0.23150152,0.65773624,5.0552397,-2.7690406,1.6399546,,2.5846581,9.456046,-0.27047125,
1761959767432,-0.2773328,-1.8393153,-1.4172074,,6.9288197,7.666234,0.7182605,,0.7145351,0.061425332,0.21654488,0.66240084,4.6921043,-1.8777943,0.9993882,,2.3515277,9.516764,-0.26820946,
1761980282240,-0.4343252,-2.0971005,-1.4153748,,5.6646814,8.219295,0.009576807,,0.71504235,0.06422433,0.20250426,0.6660194,3.6636446,-1.3762722,0.3118238,,2.001037,9.595567,-0.302247,
1762000615586,-0.66339964,-2.2901337,-1.3206906,,4.156334,6.8282633,1.0726024,,0.71377194,0.06603885,0.18188564,0.6731168,2.4818873,-2.8305693,1.3438843,,1.7747678,9.6402855,-0.29239887,
1762016941355,-0.90469146,-2.3054054,-1.2534955,,3.5793316,6.969521,2.1811178,,0.7110713,0.06395878,0.16846523,0.679637,2.0824046,-2.7203355,2.371624,,1.496927,9.689857,-0.19050619,
1762037489432,-0.89736104,-2.2565362,-1.3683381,,2.8203697,7.9631147,2.4851813,,0.70784026,0.060424857,0.15289925,0.68697375,1.5118104,-1.7554054,2.5771482,,1.3085593,9.71852,-0.091966756,
1762057796739,-1.0036516,-2.4104743,-1.3982705,,-0.023942016,8.578424,3.0502129,,0.7018587,0.060908187,0.13184243,0.69735366,-1.005788,-1.1786823,2.9779463,,1.0942681,9.745399,0.011563702,
1762082316393,-1.0629056,-2.8454103,-1.0928379,,-2.9113493,8.444349,5.6551046,,0.6957903,0.043038514,0.09566843,0.7105428,-2.774868,-1.7354317,4.8037395,,0.7876805,9.772767,0.2073245,
1762098643701,-0.84482664,-3.0445523,-0.80573124,,-4.1946416,9.768343,5.913678,,0.6924231,0.022218682,0.06587206,0.71813476,-4.7762804,-0.013136864,5.5203023,,0.5816389,9.78148,0.39337575,
1762119184316,-0.6817256,-3.1349604,-0.57604593,,-5.722142,10.788273,4.84347,,0.688711,0.001387479,0.037537765,0.7240623,-6.2094946,1.0066929,4.339894,,0.48735225,9.78158,0.50357634,
1762139492316,-0.9071349,-2.8661797,-0.54733527,,-6.7013707,10.28549,4.4196963,,0.6816412,-0.027688254,-0.0008280263,0.73116213,-7.087364,0.50996304,3.7411032,,0.3859934,9.775527,0.67859304,
1762160033200,-1.1643091,-1.7837266,-0.7415904,,-8.075643,10.603919,5.7029886,,0.6746106,-0.04484699,-0.025500678,0.7363689,-8.385942,0.83834076,4.8617887,,0.31030005,9.765578,0.8411999,
1762180341200,-0.7874053,-1.4349225,-0.6640105,,-9.799467,11.226412,7.1107793,,0.6641714,-0.06652138,-0.06074084,0.7421334,-9.976485,1.4796934,6.04281,,0.177018,9.746718,1.0679692,
1762196668470,-0.34147367,-1.382999,-0.4129449,,-9.940725,11.592725,5.315128,,0.66000724,-0.081047826,-0.081430525,0.7424222,-10.066779,1.8526859,4.181053,,0.12605412,9.740039,1.1340744,
1762221183354,-0.26633725,-1.2760975,-0.14966199,,-9.100361,11.461043,3.4931402,,0.6565785,-0.09709664,-0.10092913,0.74114126,-9.305421,1.762969,2.477436,,0.1116865,9.736382,1.1665391,
1762233534546,-0.33108896,-0.80573124,-0.028099801,,-8.99741,11.422736,3.8019924,,0.6523776,-0.11237248,-0.118494794,0.7400912,-9.112393,1.6919012,2.5903635,,0.11498364,9.730835,1.211629,
1762258205623,0.007941248,-0.35796702,0.24190263,,-6.921637,11.437101,4.3119574,,0.6467919,-0.13086042,-0.13771589,0.73862725,-7.0703754,1.7136183,3.046197,,0.14873861,9.723483,1.2657604,
1762282565238,0.14538592,-0.32803464,0.26389378,,-3.5697548,11.530476,2.1452048,,0.6438674,-0.14817514,-0.1513853,0.7352289,-3.794731,1.8057814,0.90017354,,0.22497605,9.724694,1.2450312,
1762294706623,0.11056661,-0.27977628,0.18570304,,-1.8219875,11.319786,1.30484,,0.64254975,-0.15732573,-0.1583012,0.7330206,-2.088858,1.5934114,0.08139336,,0.26687035,9.726375,1.2234466,
1762323416161,-0.10751228,0.17287487,-0.32620203,,-0.51954174,11.080365,1.6400281,,0.64006525,-0.1663966,-0.16955706,0.7306703,-0.77556324,1.3543186,0.41167378,,0.25602147,9.726047,1.2283543,
1762335557854,-0.08735373,0.25228736,-0.4184427,,-0.7685388,10.9822035,2.5258827,,0.6389906,-0.16802475,-0.17649023,0.7295957,-0.9610344,1.2567625,1.2812475,,0.19249563,9.725441,1.2446352,
1762360051892,0.18936823,0.20891592,-0.462425,,-2.0374656,11.022904,2.4372973,,0.6398473,-0.16783853,-0.18510553,0.72674733,-2.1068366,1.2932339,1.2129238,,0.06937091,9.729671,1.2243736,
1762376419661,0.33964106,0.076358154,-0.3585779,,-2.0446482,10.623073,1.7645266,,0.6411048,-0.1703392,-0.19173527,0.72333044,-2.0503187,0.8872137,0.58833337,,0.005670593,9.735859,1.1761932,
1762396932892,0.37995818,0.032986723,-0.24984388,,-1.4413095,10.287885,0.8523358,,0.6424628,-0.17441331,-0.1984627,0.71932894,-1.4012127,0.54484844,-0.2621225,,-0.04009674,9.743036,1.1144583,
1762421615469,0.26145032,0.020158553,-0.21930063,,-1.2234371,9.859323,0.2873042,,0.6437863,-0.18139443,-0.2088454,0.71345556,-1.124685,0.1076622,-0.74504685,,-0.09875205,9.75166,1.032351,
1762441770969,0.19242255,0.061086524,-0.1881465,,-1.1372458,9.593566,-0.10055647,,0.64453715,-0.18420672,-0.2139393,0.71054196,-0.97991264,-0.16295719,-1.0782607,,-0.15733314,9.756523,0.9777042,
1762458111969,0.06841691,0.15454891,-0.20158553,,-0.6847417,9.514558,-0.22744916,,0.6394061,-0.20664513,-0.24547864,0.69871163,-0.4381009,-0.24281216,-1.1778634,,-0.24664077,9.75737,0.95041424,
1762478628815,-0.0983493,0.19242255,-0.27916542,,-0.46208093,9.514558,0.062249243,,0.62896407,-0.23685311,-0.2820649,0.684649,-0.16302812,-0.24163914,-0.8851676,,-0.2990528,9.756197,0.94741684,
1762503314699,-0.11178834,0.1704314,-0.2919936,,-0.6536171,9.694122,1.0247183,,0.62835824,-0.23656385,-0.2884321,0.6826495,-0.26628393,-0.05723858,0.059675753,,-0.38733315,9.751361,0.96504253,
1762519488045,-0.050701816,0.1563815,-0.27305678,,-0.8379706,9.782708,1.2090719,,0.6283266,-0.23556657,-0.2915979,0.6816779,-0.39396077,0.03475952,0.23401481,,-0.44400984,9.747949,0.97505707,
1762539826314,-0.04337143,0.12950343,-0.21685717,,-1.2641385,9.854534,0.90261406,,0.6283926,-0.23538302,-0.2975045,0.6791236,-0.7327069,0.11096573,-0.07251233,,-0.53143156,9.743568,0.9751264,
1762560339891,-0.053145275,0.014660766,-0.07696902,,-1.3192052,9.85214,1.1444284,,0.6093456,-0.28106633,-0.3507877,0.6531828,-0.7276041,0.112005234,0.16965425,,-0.5916011,9.740135,0.9747741,
1762576654237,-0.03481932,-0.02076942,-0.02565634,,-1.151611,9.916783,1.2210429,,0.60506743,-0.2897967,-0.3632023,0.6465257,-0.5161231,0.1798296,0.24211818,,-0.63548785,9.736954,0.9789247,
1762580632430,-0.03481932,-0.02076942,-0.02565634,,-1.0031705,10.014946,1.2138603,,0.60625774,-0.28703922,-0.3614745,0.64760816,-0.3508759,0.27939796,0.23201752,,-0.6522946,9.735548,0.98184276,
1762617520468,-0.036651913,0.017104227,-0.04153884,,-0.7350199,10.177752,1.0893618,,0.6069813,-0.28452903,-0.36030313,0.6486899,-0.065693855,0.44446754,0.09659606,,-0.66932607,9.733284,0.9927657,
1762642011391,-0.044593163,0.08735373,-0.08979719,,-0.78769237,10.228029,1.0414777,,0.60536283,-0.2869795,-0.3648243,0.64659256,-0.09549481,0.49747467,0.03769636,,-0.69219756,9.730555,1.0037813,
1762662355852,-0.06352998,0.15271631,-0.10751228,,-0.9504981,10.309433,1.2473791,,0.5964797,-0.30401784,-0.3855018,0.6349595,-0.22666973,0.5824156,0.23170245,,-0.71270317,9.728294,1.0113062,
1762678685622,-0.018936822,0.19792034,-0.11484267,,-0.92895025,10.2495775,1.3000516,,0.5932895,-0.309878,-0.39340317,0.6302517,-0.18166703,0.5247402,0.28048944,,-0.7472832,9.724837,1.0195621,
1762695054237,0.013439035,0.20158553,-0.10934488,,-0.90261406,10.31901,1.0845734,,0.5961859,-0.30446795,-0.3890482,0.63285315,-0.1325655,0.5956993,0.067396164,,-0.77004856,9.72331,1.0171772,
1762719545083,0.01160644,0.17104226,-0.10629055,,-1.2737153,10.359711,0.8834604,,0.598148,-0.30121705,-0.38748688,0.63351494,-0.4705705,0.6383133,-0.12637484,,-0.80314475,9.721397,1.0098352,
1762727707506,0.009162978,0.14844026,-0.07819075,,-1.42455,10.335769,0.89303726,,0.5994248,-0.29883164,-0.38547665,0.6346631,-0.61242527,0.6149187,-0.11488217,,-0.8121248,9.72085,1.0079194,
1762760404621,-0.032375857,0.070249505,0.06658431,,-0.82599956,10.309433,0.7182605,,0.6005023,-0.29710668,-0.38389528,0.6354125,-0.007248044,0.58860016,-0.28446138,,-0.8187515,9.720833,1.0027219,
1762776769814,-0.073303826,0.04886922,0.06047566,,-0.59855044,10.307038,0.9528923,,0.60036516,-0.2968541,-0.38344255,0.63593334,0.21395254,0.5863199,-0.056002617,,-0.812503,9.720718,1.0088949,
1762797281890,-0.03359759,0.0012217305,0.04337143,,-0.62488663,10.333375,1.3335704,,0.59958625,-0.29763675,-0.38417065,0.6358629,0.18097061,0.6130638,0.31546926,,-0.80585724,9.720311,1.0181011,
1762813650506,0.03176499,0.005497787,0.049480084,,-0.6895301,10.402806,1.4030021,,0.59937394,-0.2978222,-0.38399488,0.6360823,0.109066546,0.6821928,0.3820746,,-0.7985966,9.7206135,1.0209275,
1762842121082,0.100792766,0.0,0.03481932,,-0.4309563,10.2495775,1.0749966,,0.6029936,-0.2917566,-0.37625685,0.6400841,0.2771505,0.555171,0.09562576,,-0.78711545,9.723137,1.005707,
1762858490352,0.112399206,-0.09101892,0.026267206,,-0.50038815,10.160992,1.1923125,,0.6028942,-0.29389083,-0.37692437,0.6388074,0.27445233,0.43460178,0.20876873,,-0.7748405,9.72639,0.98354375,
1762862676852,0.12522738,-0.122783914,0.02687807,,-0.50038815,10.160992,1.1923125,,0.6028942,-0.29389083,-0.37692437,0.6388074,0.27445233,0.43460178,0.20876873,,-0.7748405,9.72639,0.98354375,
1762899352005,0.17837265,-0.1282817,0.016493361,,-0.60333884,9.931149,0.51714754,,0.59730995,-0.3094793,-0.389871,0.62884337,0.14706248,0.19762802,-0.4133742,,-0.7504013,9.7335205,0.9305217,
1762915680505,0.084910266,-0.07086037,-0.03848451,,-0.6799533,9.885659,0.30645782,,0.597685,-0.3102411,-0.38997236,0.6280485,0.06994504,0.15038967,-0.6060143,,-0.7498983,9.73527,0.9124721,
1762960728236,-0.12339478,0.16676621,-0.12522738,,-0.93613285,9.809045,0.48123455,,0.602042,-0.30291992,-0.3838488,0.6312251,-0.15390664,0.07497406,-0.416759,,-0.7822262,9.734071,0.89799356,
1762977096697,-0.17959438,0.17592919,-0.13133603,,-1.079785,9.878476,0.6631939,,0.60231155,-0.30099338,-0.38392216,0.6318445,-0.27446812,0.14782238,-0.25125235,,-0.80531687,9.730654,0.91444623,
1762997402505,-0.1600467,0.103847094,-0.06169739,,-1.388637,9.964667,1.4053963,,0.6019753,-0.29867023,-0.3846306,0.6328358,-0.55450493,0.23981953,0.45568472,,-0.834132,9.724848,0.9497116,
1763021931466,-0.049480084,-0.028099801,0.073303826,,-1.2090719,10.089166,1.6328455,,0.61017,-0.27938145,-0.36571187,0.64489806,-0.514443,0.39313412,0.70408297,,-0.8430694,9.722368,0.96706986,
1763038256351,0.031154128,-0.05681047,0.112399206,,-0.79248077,10.0029745,1.3359646,,0.61361766,-0.27134806,-0.35717636,0.64982206,-0.15571952,0.30775547,0.525961,,-0.8402684,9.721556,0.97759765,
1763054584159,0.047036625,-0.05009095,0.08979719,,-0.50996494,10.007763,0.9672575,,0.6122912,-0.27431417,-0.35914108,0.64874417,0.31260145,0.28470802,-0.010489404,,-0.8225664,9.723055,0.9777469,
1763079114120,-0.029321533,0.049480084,0.017715093,,-0.4237737,10.070012,0.7254431,,0.60887164,-0.28189057,-0.3665099,0.6445801,0.3893237,0.3460865,-0.25155467,,-0.8130974,9.723926,0.9769978,
1763099664466,-0.11056661,0.0720821,-0.028099801,,-0.51714754,10.065224,0.9935937,,0.6082836,-0.28210917,-0.3672022,0.64464575,0.29685503,0.34254742,0.004975438,,-0.8140026,9.722676,0.98861825,
1763119968658,-0.10751228,0.077579886,-0.032375857,,-0.81642276,10.103531,1.2306197,,0.60873556,-0.2788877,-0.3648935,0.6469278,0.08830255,0.3324337,0.18255985,,-0.8161399,9.720819,1.0049642,
1763136295658,-0.08674286,0.06169739,-0.015882496,,-0.89782566,10.0269165,1.2761095,,0.60828716,-0.27856576,-0.36519608,0.6473173,-0.07752603,0.3088026,0.24861085,,-0.8202996,9.718114,1.0274986,
1763152665581,-0.057421334,0.047647487,-0.0018325958,,-0.9768343,9.969456,1.1947067,,0.60775805,-0.2787384,-0.3658125,0.647392,-0.15557665,0.25256252,0.15647542,,-0.82125765,9.716893,1.0382313,
1763177160274,-0.035430185,-0.01038471,0.035430185,,-0.81881696,10.093954,1.0606314,,0.60740083,-0.27891785,-0.36603025,0.64752686,-0.038851738,0.29371452,0.080492616,,-0.8182725,9.716443,1.0447822,
1763193528927,-0.02565634,-0.004886922,0.036651913,,-0.81402856,9.976639,1.0965444,,0.60379165,-0.28591782,-0.37315953,0.6437691,-0.0050672293,0.26030064,0.043572187,,-0.80896133,9.716338,1.0529722,
1763218023735,-0.010995574,0.01160644,0.045814894,,-0.7110779,10.036493,1.0486604,,0.5991795,-0.29515246,-0.38247555,0.6384211,0.08796704,0.31972218,-0.007887244,,-0.79904497,9.716771,1.0565476,
1763242556350,-0.004276057,0.021991149,0.03848451,,-0.8834604,10.022128,0.8283938,,0.5970965,-0.29932252,-0.3863335,0.63610405,-0.093473494,0.30464363,-0.22840619,,-0.7899869,9.717484,1.0568,
1763258886466,-0.02565634,0.0421497,0.0421497,,-0.89782566,9.9790325,0.81402856,,0.59836596,-0.29668912,-0.38321036,0.6380311,-0.113232136,0.2612219,-0.24379009,,-0.7845935,9.717811,1.0578187,
1763283413312,-0.05497787,-0.012217305,0.045814894,,-0.7517793,10.01734,1.0390835,,0.6048922,-0.28241047,-0.3675348,0.6475091,0.022074461,0.2995596,-0.026894808,,-0.7738538,9.71778,1.0659783,
1763303963311,-0.06658431,0.010995574,0.031154128,,-0.842759,10.089166,1.1492168,,0.6080827,-0.27468595,-0.35914397,0.6525325,-0.07494271,0.37184334,0.07474077,,-0.7678163,9.717322,1.074476,
1763316103504,-0.06047566,0.021380283,0.028710667,,-0.9744401,10.038888,1.2186487,,0.60845965,-0.2730039,-0.35738128,0.6538535,-0.21055037,0.32226372,0.1350975,,-0.76388973,9.716624,1.0835512,
1763340592811,-0.058643065,-0.019547688,0.05497787,,-0.91219085,10.103531,1.30484,,0.60806745,-0.27264363,-0.35683796,0.65466493,-0.15724897,0.3876896,0.20807552,,-0.7549419,9.715841,1.0967644,
1763356958388,-0.044593163,-0.04153884,0.06047566,,-0.82599956,10.093954,1.3838485,,0.6072581,-0.2736004,-0.35759163,0.65460575,-0.079713285,0.37846947,0.27804184,,-0.7462863,9.715485,1.1058067,
1763381450965,-0.010995574,0.032375857,0.020158553,,-0.533907,10.146626,1.5945383,,0.6019591,-0.284456,-0.3690962,0.6484582,0.20478725,0.43157864,0.47982252,,-0.73987234,9.715193,1.1126629,
1763402159811,0.05681047,0.027488936,-0.023823744,,-0.641646,10.16578,1.4915876,,0.595448,-0.29764068,-0.38335595,0.6402265,0.09799278,0.45084286,0.37653863,,-0.7396388,9.714937,1.115049,
1763414147426,0.076358154,0.028099801,-0.02321288,,-0.7398083,10.158598,1.2689269,,0.5981685,-0.29262465,-0.3779591,0.64320475,0.0028620958,0.44324875,0.15949535,,-0.7426704,9.715349,1.1094315,
1763438680196,0.06169739,0.01160644,-0.017104227,,-0.82121116,10.18254,0.9504981,,0.6026499,-0.28463683,-0.36913106,0.6477169,-0.074086964,0.4658203,-0.14382505,,-0.7471242,9.71672,1.0943232,
1763463171619,0.036651913,-0.020158553,0.0061086523,,-0.7541735,10.156203,0.9792285,,0.6042025,-0.28217658,-0.3661108,0.6490599,-0.0077782273,0.43837166,-0.10569525,,-0.7470766,9.717469,1.0876968,
1763479538003,0.02443461,0.028710667,-0.008552114,,-0.5746084,10.055647,0.94810385,,0.606274,-0.27814484,-0.36163023,0.65137625,0.17207128,0.33729458,-0.13194734,,-0.74667966,9.718352,1.0800512,
1763500051542,-0.004886922,0.028099801,-0.048258353,,-0.5386954,10.06283,0.81402856,,0.6097668,-0.2708001,-0.353837,0.6554778,0.21160334,0.34428787,-0.26179558,,-0.75029874,9.718542,1.0758241,
1763512232580,-0.030543262,0.021991149,-0.05681047,,-0.61291564,10.108319,0.8523358,,0.6100082,-0.2703123,-0.35367483,0.65554214,0.14304829,0.39015007,-0.22289038,,-0.7559639,9.718169,1.0752262,
1763536723734,-0.031154128,-0.021991149,-0.04520403,,-0.60573304,10.115502,1.2641385,,0.610222,-0.2693177,-0.3533096,0.6559493,0.1579802,0.3985405,0.18350208,,-0.76371324,9.716962,1.0806364,
1763557280695,0.002443461,-0.059864793,-0.034208454,,-0.60573304,10.189722,1.388637,,0.6092716,-0.2711078,-0.35541335,0.6549581,0.15877396,0.4732399,0.30424285,,-0.764507,9.716482,1.0843941,
1763593952464,0.0421497,-0.013439035,-0.04153884,,-0.59376204,10.093954,1.0582372,,0.60162824,-0.28847152,-0.3739332,0.6442063,0.17377716,0.37670517,-0.017113924,,-0.7675392,9.717249,1.0753511,
1763618443156,0.007330383,-0.035430185,-0.029321533,,-0.60812724,10.0269165,1.3670892,,0.60186124,-0.28802732,-0.37341806,0.6444861,0.1590715,0.30958843,0.29221523,,-0.76719874,9.717328,1.0748739,
1763642973349,0.037873644,0.002443461,-0.040317107,,-0.50757074,9.97185,1.2689269,,0.6019105,-0.2880326,-0.37322423,0.6445501,0.25727206,0.2542019,0.19527519,,-0.76534903,9.717527,1.0743905,
1763659303272,0.026267206,-0.017715093,-0.061086524,,-0.59376204,10.048465,1.2617443,,0.60213524,-0.28754503,-0.37275276,0.6448306,0.17173982,0.3308897,0.18789637,,-0.76550186,9.717575,1.0738479,
1763679857810,0.029932396,-0.036651913,-0.056199603,,-0.8643068,10.0748005,1.4053963,,0.6024012,-0.28681496,-0.37227312,0.6451843,-0.09528381,0.35771942,0.32960737,,-0.769023,9.717081,1.075789,
1763700163310,0.06841691,-0.010995574,-0.040317107,,-1.0175357,10.101137,1.4030021,,0.60366493,-0.2842507,-0.3699319,0.64648324,-0.24179828,0.3844595,0.32838583,,-0.7734359,9.716671,1.076334,
1763716532579,0.07941248,0.040317107,-0.02321288,,-1.0486604,10.079589,1.2904748,,0.6036656,-0.28475934,-0.37061015,0.6458701,-0.26791275,0.36268425,0.2215507,,-0.78074765,9.716905,1.0689241,
1763732860425,0.073303826,0.02687807,-0.00061086525,,-1.0319009,10.038888,1.2258313,,0.60402155,-0.2845677,-0.37039673,0.6457442,-0.23242486,0.34572887,0.18407726,,-0.78271663,9.717101,1.065696,
1763761574079,0.06536258,0.02076942,0.02565634,,-0.92655605,9.981427,1.4341269,,0.60065514,-0.29200506,-0.3781819,0.64103436,-0.14258039,0.26359367,0.37605882,,-0.78397566,9.7178335,1.058068,
1763777901810,0.09773844,0.02687807,0.039095376,,-1.0534488,10.012551,1.4939818,,0.5982855,-0.29697385,-0.38344797,0.6378313,-0.26907068,0.29456806,0.43758988,,-0.7843781,9.717983,1.056392,
1763794267040,0.12522738,0.029932396,0.06536258,,-1.163582,10.038888,1.352724,,0.59729785,-0.29927626,-0.38580948,0.6362548,-0.37851584,0.32055187,0.30009747,,-0.7850661,9.718336,1.0526265,
1763822738463,0.09468412,0.09040806,0.07513642,,-0.89543146,10.012551,1.0007763,,0.59743416,-0.30056816,-0.38626307,0.63524175,-0.11416882,0.29193497,-0.033456683,,-0.78276336,9.719992,1.0389538,
1763839108271,0.07513642,0.096516706,0.06291912,,-0.8355764,10.024523,0.92895025,,0.59639007,-0.30345094,-0.38872236,0.6333493,-0.058110833,0.30257416,-0.095578134,,-0.7774656,9.721949,1.0245284,
1763863604540,0.05375614,0.06047566,0.08674286,,-0.8834604,10.146626,0.93613285,,0.5966507,-0.30411527,-0.38822082,0.6330929,-0.1165995,0.42236805,-0.0743801,,-0.77164984,9.723433,1.014791,
1763879973117,0.05497787,0.020158553,0.116675265,,-0.81402856,10.149021,1.0845734,,0.59667003,-0.3043998,-0.38796705,0.63309336,-0.12774634,0.38555813,0.018052816,,-0.76050246,9.725156,1.0066655,
1763900490040,0.084910266,0.07696902,0.13133603,,-0.6703765,10.127473,1.1228806,,0.5971687,-0.30466422,-0.3860015,0.63369715,0.06400716,0.39878654,0.13105035,,-0.73438364,9.728686,0.9918302,
1763920836848,0.09040806,0.12522738,0.111177474,,-0.29688102,10.09156,0.81642276,,0.59966856,-0.3016055,-0.380201,0.6363011,0.41081953,0.3586464,-0.15309668,,-0.70770055,9.732914,0.96951944,
1763941347655,0.054367006,0.18142697,0.09162979,,-0.5482722,10.019734,0.641646,,0.60043573,-0.3012834,-0.37848958,0.6367503,0.14635992,0.2844715,-0.3136245,,-0.6946321,9.735263,0.9552705,
1763961691424,-0.0030543262,0.21685717,0.12034045,,-0.90740246,9.9790325,0.10295067,,0.60069996,-0.3018166,-0.3777271,0.63670135,-0.14236468,0.21765995,-0.6697997,,-0.6812407,9.737431,0.9427387,
1763978019847,-0.11789699,0.18509217,0.18692477,,-0.770933,9.842564,-0.18674773,,0.59964114,-0.30554226,-0.3790986,0.6351053,-0.118367195,0.10130596,-1.1100328,,-0.6525658,9.741258,0.92328507,
1763990368386,-0.27977628,0.054367006,0.22968534,,-0.5410896,9.952697,-0.16759412,,0.5967017,-0.31147382,-0.3843607,0.6318212,0.09738046,0.21023941,-1.088069,,-0.63847005,9.742457,0.9204748,
1764018877309,-0.30482176,-0.03604105,0.16676621,,0.1412579,9.981427,1.7262194,,0.5917961,-0.31356132,-0.38555118,0.63467085,0.71317106,0.24362564,0.71698403,,-0.5719132,9.737802,1.0092354,
1764043395386,-0.053145275,-0.037873644,0.02687807,,0.09816227,10.15381,1.6903064,,0.5907252,-0.3135256,-0.38517886,0.63591105,0.74146193,0.39358807,0.77550423,,-0.55232,9.7362795,1.0345123,
1764059722732,0.050701816,-0.049480084,-0.03176499,,-0.1340753,10.103531,1.4173675,,0.5907474,-0.31337488,-0.38463932,0.63629115,0.41170478,0.36702442,0.38151705,,-0.54578006,9.736506,1.0358504,
1764076050232,0.10873401,-0.093462385,-0.053145275,,-0.49559975,10.029311,1.0199299,,0.59178525,-0.31251624,-0.3833979,0.6364982,0.053046823,0.29153633,-0.0023902655,,-0.54864657,9.737775,1.0223202,
1764100579116,0.112399206,-0.118507855,-0.021380283,,-0.7613561,9.935937,0.48123455,,0.5940007,-0.31052718,-0.38043782,0.63718385,-0.20988047,0.19550228,-0.5138669,,-0.55147564,9.740435,0.99510145,
1764116905039,0.06719518,-0.1160644,-0.002443461,,-0.6799533,9.825804,0.34715924,,0.594115,-0.31136468,-0.3807525,0.6364801,-0.13012654,0.08397007,-0.6350627,,-0.54982674,9.741834,0.98222196,
1764141434654,-0.042760566,-0.14538592,-0.02076942,,-0.44771573,9.85214,0.45010993,,0.5960695,-0.30934873,-0.37738255,0.6376418,0.09542671,0.10782814,-0.51102984,,-0.54314244,9.744312,0.96113974,
1764161988154,-0.077579886,-0.06658431,-0.06536258,,-0.6703765,9.799467,0.6967127,,0.6054238,-0.29135227,-0.35803157,0.6483744,-0.12403816,0.05450821,-0.2560203,,-0.5463383,9.744959,0.952733,
1764174130270,-0.06291912,-0.04153884,-0.065973446,,-0.89543146,9.809045,0.92416185,,0.607024,-0.28823787,-0.35528874,0.6497774,-0.33883858,0.064409256,-0.025921822,,-0.5565929,9.744636,0.9500837,
1764198621347,-0.032375857,-0.02443461,-0.010995574,,-0.90261406,9.91439,0.9648633,,0.59984416,-0.30309933,-0.3721176,0.6401924,-0.3304808,0.17041779,0.017191947,,-0.57213324,9.743972,0.94767135,
1764223149693,-0.015271631,-0.108123146,0.048258353,,-0.6943185,9.900024,0.78290397,,0.60128176,-0.3005017,-0.36935002,0.6416694,-0.14915013,0.18458462,-0.14489305,,-0.5738988,9.74417,0.9445564,
1764227336231,-0.032986723,-0.12767084,0.059253927,,-0.6943185,9.900024,0.78290397,,0.6040413,-0.29503608,-0.3633564,0.6450272,-0.12208146,0.15562057,-0.16025734,,-0.572237,9.744404,0.9431613,
1764276356654,-0.12583824,-0.095294975,0.06719518,,-0.34476504,10.235212,0.8882488,,0.60355353,-0.29412422,-0.36100674,0.6472158,0.19509235,0.4911251,-0.07700187,,-0.5398574,9.744087,0.9652507,
1764296698038,-0.17165314,-0.028710667,0.021991149,,-0.33997664,10.28549,1.5011644,,0.60288256,-0.29248852,-0.35967308,0.6493215,0.18804362,0.5442524,0.50121814,,-0.52802026,9.741238,0.9999463,
1764317209308,-0.08674286,-0.015271631,0.009773844,,-0.46686932,10.295067,1.8243817,,0.6040084,-0.28808948,-0.35557497,0.6524912,0.058657378,0.5561304,0.80099225,,-0.5255267,9.738936,1.0233895,
1764337552808,-0.047036625,-0.037873644,0.019547688,,-0.45489833,10.316615,1.7046716,,0.6027446,-0.28851888,-0.35645077,0.6529922,0.06383827,0.57997894,0.6562265,,-0.5187366,9.736636,1.0484451,
1764358063654,0.028099801,-0.09162979,0.052534413,,-0.46926352,10.144233,1.8028339,,0.60193336,-0.28891093,-0.35685992,0.65334356,0.041619748,0.4087782,0.73966134,,-0.5108833,9.735455,1.0631726,
1764374409500,0.07452556,-0.15088372,0.059253927,,-0.31603462,10.0987425,1.5729905,,0.6013584,-0.28930387,-0.35669136,0.65379095,0.18126258,0.36358547,0.5007051,,-0.4972972,9.735157,1.0722854,
1764402881730,0.045814894,-0.0720821,0.0030543262,,-0.19871874,10.070012,1.1228806,,0.59916854,-0.2933385,-0.35990223,0.65224236,0.27479166,0.334383,0.044126034,,-0.47351038,9.735629,1.0787545,
1764419252884,0.027488936,-0.021991149,-0.062308256,,-0.22505496,10.019734,0.91937345,,0.59476626,-0.30203936,-0.36927968,0.64703774,0.24967004,0.28421688,-0.15985507,,-0.474725,9.7355175,1.0792285,
1764439770384,-0.04153884,0.02565634,-0.14660765,,-0.46208093,10.120291,0.9696517,,0.59208447,-0.3069339,-0.37557465,0.6435614,0.02513504,0.38583088,-0.11354327,,-0.48721597,9.73446,1.083195,
1764460117615,-0.034208454,0.054367006,-0.11362094,,-0.9792285,10.086772,1.2569559,,0.5889092,-0.31216615,-0.38365743,0.6391754,-0.4612322,0.35502148,0.16374528,,-0.5179963,9.7317505,1.0932106,
1764476448845,-0.01160644,0.07452556,-0.06963864,,-1.0319009,10.16578,1.2042835,,0.5907402,-0.30846435,-0.3807363,0.641027,-0.49876696,0.43515205,0.10837555,,-0.5331339,9.730628,1.0959079,
1764500986192,-0.007330383,0.049480084,0.0018325958,,-0.62488663,10.0987425,1.5011644,,0.5920737,-0.30555975,-0.37840575,0.642566,-0.08156359,0.36913395,0.40121162,,-0.5416896,9.72989,1.098279,
1764517316730,0.0067195175,-0.040317107,0.018325957,,-0.61291564,10.230424,1.4149733,,0.5920369,-0.30537075,-0.37827528,0.64276665,-0.070200205,0.50113297,0.3119017,,-0.54271543,9.729291,1.1030716,
1764541850730,0.03176499,0.039095376,-0.0018325958,,-0.50996494,10.204087,1.4915876,,0.5899014,-0.30925697,-0.38261807,0.6402967,0.033141553,0.4751215,0.38585913,,-0.5431065,9.728966,1.1057285,
1764558179153,0.0580322,0.12767084,-0.040927973,,-0.39983168,10.175357,1.3000516,,0.58815944,-0.31287506,-0.38686192,0.63758564,0.15035746,0.44634628,0.19822204,,-0.55018914,9.729011,1.1018295,
1764574544807,0.050701816,0.15149458,-0.07574729,,-0.51475334,10.18254,1.1204864,,0.59007984,-0.30975837,-0.3840905,0.6390071,0.048271596,0.45354939,0.024974823,,-0.56302494,9.728991,1.0955116,
1764599038883,0.040317107,0.119729586,-0.06169739,,-0.79966336,10.213664,1.4269443,,0.59179294,-0.30701923,-0.38220945,0.6398721,-0.2164458,0.48512554,0.33800805,,-0.58321756,9.7285385,1.0889362,
1764623569576,0.12156218,0.089186326,-0.013439035,,-0.7206547,10.206482,1.0606314,,0.59274864,-0.30677885,-0.38191968,0.63927555,-0.12703562,0.47642994,-0.008995175,,-0.5936191,9.730052,1.0696266,
1764639897499,0.10873401,0.0842994,-0.0012217305,,-0.24899697,9.986216,-1.1827357,,0.5930454,-0.30799916,-0.38257918,0.6380179,0.3468129,0.2539463,-2.2307458,,-0.5958099,9.732269,1.0480102,
1764656255460,-0.18387043,0.045814894,-0.0030543262,,0.02873042,9.849746,-0.9552865,,0.5945352,-0.30646676,-0.38000843,0.63890505,0.6195853,0.115439415,-1.9870645,,-0.5908549,9.734306,1.031778,
1764672586960,-0.30787608,0.0720821,-0.056199603,,-0.2896984,9.816227,0.6631939,,0.594139,-0.30424225,-0.37929702,0.6407569,0.3067387,0.086131096,-0.4044667,,-0.5964371,9.730096,1.0676606,
1764697113537,-0.17470746,0.16737708,-0.07391469,,-0.80205756,10.000581,2.030283,,0.5936189,-0.30134043,-0.37900174,0.6427817,-0.1884262,0.27677917,0.9160414,,-0.61363137,9.723802,1.1142416,
1764721604345,-0.048258353,0.0720821,-0.026267206,,-0.9744401,10.244789,2.2385786,,0.59391683,-0.29914847,-0.3782253,0.64398646,-0.34707332,0.5240469,1.1054599,,-0.6273668,9.720742,1.1331186,
1764737964614,0.07391469,0.07391469,0.0067195175,,-0.62488663,10.163386,2.468422,,0.59553486,-0.29627523,-0.37505198,0.64567435,0.003900528,0.44224644,1.3394955,,-0.62878716,9.72114,1.1289264,
1764754290767,0.204029,0.11362094,-0.01160644,,-0.44532153,10.117896,1.6041151,,0.5975437,-0.2943858,-0.37227204,0.646291,0.18602934,0.39403915,0.5003078,,-0.6313509,9.723857,1.1038073,
